date,XON,PG,PFE,WMT,INTC
19730131,0.082857,-0.021166,-0.023324,-0.141304,0.01005
19730228,-0.046702,-0.017241,0.015761,0.046414,-0.139303
19730330,0.055944,-0.054971,-0.026549,-0.266129,0.069364
19730430,0.019868,-0.009752,-0.042424,-0.016484,0.086486
19730531,-0.014805,-0.02133,0.064177,-0.01676,-0.104478
19730629,0.049268,0.066667,0.116418,-0.3125,0.133333
19730731,-0.027919,0.092067,0.05615,0.586777,0.625
19730831,-0.060313,-0.129282,-0.057519,-0.117708,0.117647
19730928,0.045007,0.005076,-0.032345,0.059172,0.234818
19731031,0.017497,0.046212,0.086351,0.050279,0.144262
19731130,-0.037037,-0.078788,-0.118564,-0.340426,-0.240688
19731231,0.048747,-0.031579,0.005848,-0.137097,0.188679
19740131,-0.081009,-0.022283,-0.119186,0.420561,0.139683
19740228,-0.02052,-0.015363,0.019802,-0.118421,0.155989
19740329,-0.026906,0.004255,-0.031197,-0.064179,-0.163855
19740430,-0.050691,0.064407,-0.087248,0.008,0.162824
19740531,-0.047249,0.045333,0.042353,0.079365,0.148699
19740628,-0.032759,0.017857,0.035461,0.147059,-0.148867
19740731,0.067736,-0.044361,-0.205479,0,-0.448669
19740830,-0.085142,-0.1278,-0.148621,-0.150641,-0.151724
19740930,-0.126394,-0.117825,-0.061224,-0.144151,-0.390244
19741031,0.165957,0.194521,0.391304,-0.123894,0.613333
19741129,-0.061314,-0.04611,0.011406,-0.191919,-0.115702
19741231,0.02988,-0.015106,0.023346,-0.05,-0.140187
19750131,0.131528,0.127301,-0.136882,0.578947,0.336957
19750228,0.075214,0.032832,0.207048,-0.058333,0.463415
19750331,-0.043619,0.01457,-0.052847,0.418053,0.183333
19750430,0.094595,0,-0.003876,-0.14375,0.244131
19750530,0.097222,0.018373,0.072062,0.226277,0.045283
19750630,0.055635,0.011598,-0.021898,0.162143,0.018051
19750731,-0.059459,-0.082803,-0.190299,0.005128,-0.120567
19750829,0.011494,-0.055866,0,-0.040816,0.112903
19750930,0.008646,-0.017751,-0.075945,0.04383,0.083333
19751031,0.018571,0.075301,0.160804,0.153061,-0.026756
19751128,-0.021038,0.047887,-0.030649,0.061947,0.020619
19751231,0.031977,-0.043011,-0.004505,-0.123667,-0.013468
19760130,0.025352,0.039326,0.076923,0.038095,0.170648
19760227,-0.028846,-0.077446,-0.096639,0.110092,0.093294
19760331,0.077475,0.066274,0.119442,0.083967,0.170667
19760430,0.003995,-0.01326,-0.087866,-0.122137,-0.03303
19760528,0.085146,-0.004225,0.022936,-0.043478,-0.014134
19760630,0.037175,0.07355,0.056861,0.001455,-0.021505
19760730,0.015532,0.017655,-0.021368,-0.127273,-0.03663
19760831,0.008471,-0.009115,-0.005415,0.229167,-0.068441
19760930,0.049645,0.015769,0.070796,0.052203,-0.008163
19761029,-0.054054,-0.011125,-0.016529,-0.080645,-0.098765
19761130,-0.012857,-0.014474,-0.110252,0.078947,0.03653
19761231,0.0489,0,0.119048,0.009756,0.052863
19770131,-0.002331,-0.073164,-0.080851,-0.104839,-0.100418
19770228,-0.035047,-0.043541,0.023148,-0.018018,0.009302
19770331,-0.002457,-0.040971,0.026787,0.020183,-0.129032
19770429,0.017241,-0.010759,-0.08,-0.135135,-0.10582
19770531,0.004843,-0.043548,-0.01971,0.104167,0.023669
19770630,0.046455,0.080944,0.034826,0.097736,0.150289
19770729,-0.035047,0.003432,0.004808,0.008621,0
19770831,-0.046005,0.081505,0.014354,0.059829,-0.050251
19770930,-0.005155,-0.013043,0.018491,0.099677,0.042328
19771031,-0.023316,-0.018796,-0.070093,-0.007353,-0.111675
19771130,0.002653,0.030166,0.116382,0.098963,0.057143
19771230,0.034946,0.005857,-0.004545,0.094595,-0.010811
19780131,-0.049351,-0.073945,-0.009132,-0.061728,-0.010929
19780228,-0.020765,-0.026941,-0.036129,0.019737,-0.121547
19780331,0.014205,-0.034202,0.067633,-0.029419,0.062893
19780428,0.056022,0.150084,0.085973,0.24,0.236686
19780531,0.009019,0.013314,0.0975,0.032258,0.066986
19780630,-0.061497,0.00438,0.02682,-0.02375,0.071749
19780731,0.059829,0.059593,0.063433,0.048128,0.124477
19780831,0.080108,-0.035961,-0.002105,0.112245,0.046512
19780929,0.050633,-0.001435,0.003546,0.020367,-0.026667
19781031,-0.074699,-0.043103,-0.091873,-0.18018,-0.136986
19781130,0.041146,0.039394,0.017121,0.010989,0.05291
19781229,0,0.036443,0.019305,-0.008478,0.01005
19790131,0.040712,-0.040788,-0.045455,-0.005495,0.089552
19790228,-0.019071,-0.038462,-0.043651,0.022099,0.045662
19790330,0.071066,-0.003077,0.064896,0.051892,0.131004
19790430,0.007109,-0.001852,-0.055118,0.046392,0.025097
19790531,-0.046588,0.007813,0.002667,0.004926,0.050847
19790629,0.082915,-0.046512,0.029412,-0.006863,0.112903
19790731,0.016241,-0.024715,0.016327,0.029703,-0.028986
19790831,0.043379,0.080944,0.139116,0.320192,0.139303
19790928,0.051225,-0.035881,-0.017794,-0.069343,0.091703
19791031,-0.025424,-0.027832,0,-0.07451,-0.004
19791130,0.027826,-0.003367,0.168986,0.186441,0.108434
19791231,-0.049569,0.003378,-0.01875,-0.005,-0.014493
19800131,0.104308,-0.017172,-0.044586,0.02518,0.007353
19800229,0.093635,-0.012132,-0.016667,-0.101754,0.051095
19800331,-0.114723,-0.049123,0.033492,-0.10625,-0.135417
19800430,0.049676,0.067897,0.023179,0.140351,-0.008032
19800530,0.074897,0.089161,0.074045,0.053846,0.109312
19800630,0.035156,-0.05297,0.00304,0.123358,-0.032847
19800731,0.050943,0.104407,0.039394,0.143322,0.283019
19800829,0.025494,-0.024845,-0.040816,0.101994,0.030882
19800930,-0.003571,-0.089172,0.121216,0.036269,0.018545
19801031,0.091398,-0.040909,-0.032787,0.01,-0.056022
19801128,0.174056,0.040665,0.12678,0.113861,0.109792
19801231,-0.082504,-0.021314,0.080808,0.077333,-0.13369
19810130,-0.035659,-0.01343,-0.056075,-0.008264,-0.07716
19810227,-0.054662,0.065299,-0.00198,0.054167,-0.060201
19810331,-0.046875,-0.012259,0.085,0.156206,0.035587
19810430,-0.001821,0.031206,0.004608,0.058219,0.041237
19810529,-0.032847,-0.017422,-0.029358,0.003236,0.085809
19810630,0.057915,0.074468,-0.085714,-0.017677,-0.121581
19810731,0.021898,-0.028713,-0.020833,-0.026316,-0.062284
19810831,-0.05,-0.04475,-0.026064,-0.035405,-0.169742
19810930,-0.042308,0.063063,-0.044077,0.059649,-0.133333
19811030,-0.024096,0.075254,0.048991,0.05298,0.174359
19811130,0.102881,0.025559,0.148901,0.103774,-0.122271
19811231,-0.045802,0.001558,0.026506,-0.029858,-0.099502
19820129,-0.02,0.073717,0.050892,-0.002941,0.154696
19820226,-0.036735,-0.02346,0.002252,-0.020649,-0.019139
19820331,-0.021739,-0.006006,-0.076404,0.104578,0.126829
19820430,0.004444,0.047432,0.087591,0.136612,0.095238
19820528,0.017699,-0.020438,-0.034273,-0.060096,-0.035573
19820630,-0.008929,-0.010432,0.03271,0.083683,0.028689
19820730,-0.063063,0.038253,0.017376,0.030733,0.031873
19820831,0.125,0.117474,0.125561,0.153028,0.138996
19820930,-0.017544,0.030223,0.10757,0.131474,-0.108475
19821029,0.058036,0.093622,0.02518,0.105634,0.129278
19821130,-0.029536,0.120141,0.034526,0.207006,0.030303
19821231,0.0625,-0.005258,-0.059727,0.05372,0.013072
19830131,0.012605,-0.038478,0.002976,-0.057644,0.109677
19830228,-0.004149,0.015556,0.021898,0.047872,0.081395
19830331,0.055556,0.063457,0.082143,0.176548,0.037634
19830429,0.145749,-0.000412,0.085809,0.064795,0.025907
19830531,-0.024735,-0.10395,-0.058298,0.166329,0.156566
19830630,0,0.023202,0.139837,0.08967,0.30131
19830729,0.062963,-0.05034,-0.10893,0.047923,0.080537
19830831,0.081533,0.033816,-0.012903,-0.03878,0.018634
19830930,-0.039474,0.03972,0.039216,0.038095,0.006098
19831031,0.047945,0.008539,-0.028302,-0.039755,-0.084848
19831130,0.007843,0.067568,-0.034563,0.073248,0.10596
19831230,-0.009934,-0.040084,-0.033784,-0.073353,0.005988
19840131,0.063545,-0.101538,-0.001259,-0.089744,-0.125
19840229,-0.011321,-0.066832,0.056537,-0.09507,0.013605
19840330,0.003247,0.023873,-0.090301,0.036654,-0.033557
19840430,0.10356,-0.005699,-0.011029,0.067669,-0.027778
19840531,-0.044575,0.039578,-0.04223,0.045775,-0.117857
19840629,0.021944,0.063452,0.027451,0.112525,-0.020243
19840731,-0.058282,0.017184,-0.005191,-0.012121,0.008264
19840831,0.142671,0.064133,0.112403,0.08411,0.180328
19840928,0.040698,-0.002232,-0.020906,-0.028329,-0.138889
19841031,-0.022346,0.049664,0.081851,-0.017493,-0.104839
19841130,0.008,-0.00431,0.035,-0.053412,0.027027
19841231,0.040462,-0.012987,0.083333,-0.04884,-0.017544
19850131,0.066667,-0.001754,-0.056331,0.20132,0.098214
19850228,0.007292,0.011111,0.018987,0,-0.089431
19850329,0.057895,-0.024176,0.065217,-0.017692,-0.008929
19850430,0.024876,-0.049099,0.037901,0.05042,-0.009009
19850531,0.065049,0.033573,0.13191,0.117333,-0.040909
19850628,-0.002315,0.044084,-0.01,0.044296,-0.014218
19850731,-0.025522,0.029333,-0.017778,-0.093822,0.086538
19850830,0.020952,0.004367,-0.002591,0.046869,-0.079646
19850930,-0.016588,-0.019565,-0.015584,-0.077295,-0.009615
19851031,0.060241,0.135698,-0.034301,0.109948,-0.009709
19851129,-0.013182,0.059172,0.174754,0.117925,0.117647
19851231,0.032787,0.039106,-0.051522,0.077131,0.026316
19860131,-0.061224,-0.046237,-0.036346,0.007843,-0.034188
19860228,0.027053,0.047438,0.144703,0.058366,-0.017699
19860331,0.066986,0.067029,0.085779,0.159338,-0.063063
19860430,0.015695,0.00747,-0.014553,0.028571,0.096154
19860530,0.073289,0.059524,0.068101,0.182099,-0.04386
19860630,0.016701,0.028892,0.137177,0.084439,-0.155963
19860731,-0.002053,-0.025897,-0.060699,-0.103614,-0.206522
19860829,0.14856,0.033926,0.018727,0.011667,0.260274
19860930,-0.023593,-0.153125,-0.147059,-0.106383,-0.152174
19861031,0.011152,0.116974,0.030172,0.068452,0.038462
19861128,0.031618,0.036667,0.027782,0.061281,0.135802
19861231,0.012635,-0.017685,0,-0.02273,-0.086957
19870130,0.180036,0.161047,0.118033,0.043011,0.488095
19870227,-0.041994,-0.014205,0.075646,0.128866,0.216
19870331,0.094099,0.060519,-0.006861,0.051324,0.032895
19870430,0.010204,-0.071467,-0.025907,-0.015217,0.197452
19870529,0.014719,0.079646,-0.069858,0.033113,-0.066489
19870630,0.071839,0.071038,0.105566,0.157009,0.002849
19870731,0.009383,-0.042857,0.032292,0.101664,0.085227
19870831,0.069057,0.104698,-0.042301,0.088054,0.104712
19870930,-0.023839,-0.018226,-0.021201,-0.064815,0.094787
19871030,-0.123393,-0.119554,-0.240072,-0.270627,-0.324675
19871130,-0.1261,-0.077904,-0.114964,-0.131222,-0.173077
19871231,0.037415,0.049155,0.01084,0.084583,0.232558
19880129,0.101639,0.002343,0.171582,0.052885,-0.037736
19880229,0.026786,-0.007364,0.004577,0.073059,0.107843
19880331,-0.014663,-0.075668,0.013793,-0.041191,0.039823
19880429,0.068452,-0.000642,-0.002268,-0.013333,0.055319
19880531,0.015042,-0.009724,-0.043182,0.018018,-0.008065
19880630,0.008333,0.01473,-0.009592,0.085487,0.174797
19880729,0.044077,-0.021613,0.004843,0.073469,-0.038062
19880831,-0.00686,-0.006656,-0.012165,-0.086236,-0.194245
19880930,-0.037634,0.072027,0.071429,0.075,-0.017857
19881031,0,0.041563,0.050575,-0.027132,-0.1
19881130,-0.021229,-0.009077,0.002188,-0.035857,-0.181818
19881230,0.017341,0.062595,0.022026,0.038512,0.17284
19890131,0.053977,0.068103,0.003017,0.075697,0.094737
19890228,-0.042049,-0.037992,-0.043384,-0.055556,-0.009615
19890331,0,0.043724,0.043084,0.021333,0.019417
19890428,-0.017094,0.042432,0.076087,0.107692,0.104762
19890531,0.012754,0.07451,-0.005253,0.052083,0.12069
19890630,0.02029,0.054745,-0.059426,0.008053,-0.107692
19890731,0.039773,0.108881,0.142484,0.134426,0.051724
19890831,-0.030601,0.07644,0.065385,-0.02185,-0.016393
19890929,0.022857,-0.066148,-0.009025,-0.029586,0.075
19891031,0.027933,0.083542,-0.014572,0.012195,0.046512
19891130,0.040217,0.002904,0.104251,0.051205,0.02963
19891229,0.058201,0.084942,-0.062395,0.029914,-0.007194
19900131,-0.06,-0.082562,-0.014388,-0.050139,0.144928
19900228,0.012766,-0.001953,-0.129927,0.032258,0.018987
19900330,-0.018617,0.060665,0.027542,0.075455,0.037267
19900430,-0.01897,0.049077,-0.063918,0.050265,-0.053892
19900531,0.074033,0.169912,0.171366,0.13602,0.221519
19900629,-0.002604,0.054463,-0.026565,0.107672,-0.025907
19900731,0.083551,0.000861,0.181287,0.006012,-0.053191
19900831,-0.024578,-0.112392,-0.054785,-0.090518,-0.25
19900928,-0.02,-0.053571,-0.005282,-0.04386,-0.003745
19901031,0,0.085763,0.030088,-0.018349,0.007519
19901130,0.046837,0.054054,0.118213,0.126168,0.119403
19901231,0.022222,0.045249,0,0.005311,0.026667
19910131,-0.002415,-0.079365,0.113003,0.090909,0.188312
19910228,0.080775,0.025237,0.175633,0.07197,0.043716
19910328,0.061224,0.047692,0.019048,0.096608,-0.020942
19910430,0.017094,-0.008811,0.018692,0.045161,0.053476
19910531,-0.009748,0.014903,0.08633,0.058642,0.13198
19910628,-0.002146,-0.091043,-0.057325,-0.001924,-0.165919
19910731,0.021505,0.050081,0.114865,0.114035,0.010753
19910830,-0.007663,0.034056,0.063919,0.063885,0.053191
19910930,0.021459,0.016467,-0.005725,-0.05679,-0.146465
19911031,0.02521,-0.008837,0.099808,-0.031414,-0.038462
19911129,-0.027951,-0.03139,-0.068691,0.056757,0.009231
19911231,0.03838,0.158951,0.265537,0.205473,0.195122
19920131,-0.043121,0.110519,-0.130952,-0.084926,0.221939
19920228,-0.007811,-0.020482,0.025616,0.00232,0.060543
19920331,-0.041575,0.00615,-0.067114,-0.012917,-0.129921
19920430,0.09589,0.015159,0.028777,-0.018779,-0.031674
19920529,0.022417,-0.004843,0.048881,0.014354,-0.065421
19920630,0.020619,-0.104623,-0.021776,0.015142,0.14
19920731,0.026263,0.106522,0.07363,0.039535,0.048246
19920831,0.02315,-0.074074,-0.009633,0.022371,-0.029289
19920930,-0.005837,0.053333,-0.032362,0.03593,0.133621
19921030,-0.041096,0.076456,0.011706,0.029598,0.028137
19921130,-0.016816,0.026005,0.03795,0.057495,0.059259
19921231,0.027311,-0.011521,-0.072,-0.00501,0.216783
19930129,0,-0.067133,-0.089655,0.017578,0.228161
19930226,0.052679,0.045226,-0.109167,-0.001919,0.091335
19930331,0.039293,-0.040865,0.066381,-0.022077,-0.012876
19930430,-0.00189,-0.009524,0.096386,-0.15748,-0.171957
19930528,0.003333,0,0.057436,0.042056,0.165572
19930630,0.009542,0.058524,-0.066202,-0.05713,-0.007892
19930730,-0.007561,-0.056538,-0.11194,-0.033333,-0.049091
19930831,0.007162,-0.007692,0.065882,0.016059,0.229665
19930930,0.001912,-0.018088,-0.055556,-0.043689,0.101167
19931029,-0.001908,0.148632,0.046218,0.071066,-0.1053
19931130,-0.02914,0.046083,0.07502,0.08654,-0.027668
19931231,0.005976,0.004405,0.037594,-0.126638,0.00813
19940131,0.053465,0.049298,-0.063406,0.06,0.053226
19940228,-0.013609,-0.033613,-0.095242,0.070755,0.05364
19940331,-0.030829,-0.069565,-0.068966,-0.086608,-0.018182
19940429,0,0.068879,0.092593,-0.024155,-0.095556
19940531,-0.016382,-0.008791,0.088475,-0.069307,0.02459
19940630,-0.071575,-0.053215,-0.009804,0.033723,-0.064
19940729,0.048458,0.051054,-0.017822,0.030928,0.013932
19940831,0.012101,0.091928,0.108387,-0.0133,0.109705
19940930,-0.033613,-0.020534,0.012821,-0.050761,-0.064639
19941031,0.093478,0.060377,0.072333,0.005348,0.011138
19941130,-0.027833,-0.005964,0.050185,-0.00883,0.016097
19941230,0.006211,-0.008,-0.001616,-0.086022,0.011881
19950131,0.028807,0.056048,0.058252,0.076471,0.087045
19950228,0.034,0.021113,0.021651,0.038251,0.14955
19950331,0.043053,-0.003759,0.033133,0.081053,0.064263
19950428,0.043152,0.06,0.010204,-0.073171,0.206892
19950531,0.03777,0.028623,0.023319,0.047368,0.096459
19950630,-0.010508,0,0.04539,0.077387,0.128062
19950731,0.026549,-0.036174,0.09905,-0.004673,0.027285
19950831,-0.041379,0.00726,-0.019556,-0.077934,-0.055769
19950929,0.050909,0.10991,0.081013,0.010204,-0.01833
19951031,0.057093,0.057143,0.074941,-0.126263,0.160415
19951130,0.022913,0.067901,0.015425,0.112139,-0.128801
19951229,0.048465,-0.040462,0.086207,-0.072917,-0.067762
19960131,-0.010786,0.016867,0.087302,-0.08427,-0.026002
19960229,0,-0.02381,-0.033942,0.042945,0.064781
19960329,0.025157,0.033537,0.020873,0.084824,-0.032944
19960430,0.042945,0.00177,0.024164,0.038043,0.191912
19960531,0.006353,0.039941,0.031579,0.08377,0.114391
19960628,0.025074,0.031294,0.008834,-0.017295,-0.027318
19960731,-0.053237,-0.010207,-0.016813,-0.054187,0.02366
19960830,0.000486,-0.004202,0.0161,0.101146,0.062396
19960930,0.021472,0.097046,0.114437,0,0.195771
19961031,0.064565,0.02,0.045814,0.004739,0.151801
19961129,0.073794,0.098485,0.086707,-0.037736,0.154721
19961231,0.038411,-0.010345,-0.073919,-0.105784,0.03202
19970131,0.057398,0.074983,0.114458,0.043956,0.239523
19970228,-0.024946,0.038919,-0.005784,0.110526,-0.125578
19970331,0.074813,-0.044745,-0.081855,0.059431,-0.019383
19970430,0.051044,0.099782,0.141159,0.008969,0.100988
19970530,0.053598,0.096421,0.076458,0.062222,-0.010612
19970630,0.033755,0.024479,0.160194,0.134059,-0.063944
19970731,0.04898,0.080566,0.000753,0.109057,0.295267
19970829,-0.041284,-0.124897,-0.070231,-0.053333,0.003404
19970930,0.046987,0.037559,0.084555,0.033592,0.002035
19971031,-0.040976,-0.011729,0.180873,-0.044369,-0.165552
19971128,-0.000448,0.120404,0.027042,0.144643,0.008117
19971231,0.003074,0.04758,0.024914,-0.013916,-0.095008
19980130,-0.030644,-0.014847,0.096396,0.009509,0.153452
19980227,0.081728,0.082935,0.084893,0.163265,0.107253
19980331,0.060784,-0.005891,0.126412,0.098839,-0.129617
19980430,0.080407,-0.022933,0.141693,-0.00492,0.035612
19980529,-0.029461,0.020532,-0.077408,0.090235,-0.116009
19980630,0.012411,0.085693,0.036971,0.103447,0.03762
19980731,-0.015762,-0.125216,0.010351,0.039095,0.139123
19980831,-0.062669,-0.03622,-0.15251,-0.065347,-0.156566
19980930,0.079274,-0.070261,0.138627,-0.072839,0.204565
19981030,0.014159,0.250931,0.014775,0.264302,0.040087
19981130,0.052845,-0.01198,0.044869,0.090498,0.207176
19981231,-0.025,0.042083,0.116695,0.082357,0.101626
19990129,-0.039316,-0.00167,0.029,0.056025,0.188719
19990226,-0.046655,-0.015131,0.027464,0.001453,-0.148718
19990331,0.060094,0.094274,0.051634,0.071553,-0.008859
19990430,0.177148,-0.039209,-0.170721,-0.002034,0.029443
19990528,-0.033439,-0.004664,-0.068159,-0.07337,-0.115955
19990630,-0.034429,-0.044177,0.018692,0.133138,0.100578
19990730,0.029173,0.018291,-0.067661,-0.124352,0.159664
19990831,-0.001134,0.095928,0.116753,0.048817,0.191558
19990930,-0.03645,-0.055416,-0.049669,0.074471,-0.095817
19991029,-0.025493,0.12208,0.106272,0.191853,0.042052
19991130,0.076827,0.034565,-0.084598,0.014333,-0.009298
19991231,0.01576,0.009793,-0.105172,0.203043,0.07335
20000131,0.035687,-0.074661,0.115607,-0.207957,0.201974
20000229,-0.092105,-0.130489,-0.109775,-0.107306,0.142438
20000331,0.034855,-0.357041,0.138132,0.157238,0.167589
20000428,-0.003208,0.063186,0.152137,-0.019912,-0.038844
20000531,0.078069,0.112971,0.06,0.047404,-0.01652
20000630,-0.057764,-0.139098,0.077139,-0.005431,0.07218
20000731,0.019108,-0.000437,-0.101563,-0.046638,-0.001403
20000831,0.025812,0.086813,0.004986,-0.136519,0.121948
20000929,0.091884,0.083923,0.039017,0.015758,-0.444908
20001031,0.000701,0.071455,-0.038943,-0.057143,0.082707
20001130,-0.008381,0.048119,0.028133,0.150138,-0.153722
20001229,-0.012074,0.047579,0.038082,0.019114,-0.210181
20010131,-0.032063,-0.079649,-0.018478,0.069176,0.230769
20010228,-0.03161,-0.018653,-0.000886,-0.118134,-0.2275
20010330,-0.000617,-0.112057,-0.09,0.009583,-0.078775
20010430,0.093827,-0.035144,0.057387,0.024554,0.174727
20010531,0.006659,0.069775,-0.006928,0.000193,-0.125526
20010629,-0.015549,-0.006849,-0.066216,-0.055652,0.082932
20010731,-0.043847,0.119122,0.029214,0.145492,0.019145
20010831,-0.033046,0.044072,-0.067928,-0.140429,-0.061389
20010928,-0.01868,-0.018341,0.046724,0.031634,-0.268956
20011031,0.001269,0.018821,0.044888,0.038384,0.194716
20011130,-0.046134,0.049878,0.036277,0.072957,0.338247
20011231,0.050802,0.021559,-0.079889,0.044787,-0.037048
20020131,-0.006361,0.037028,0.045671,0.042224,0.114149
20020228,0.063508,0.038075,-0.013919,0.033845,-0.184646
20020328,0.061259,0.062507,-0.029785,-0.01024,0.065149
20020430,-0.083505,0.006105,-0.085305,-0.088744,-0.059191
20020531,-0.000249,-0.007866,-0.044567,-0.031507,-0.033904
20020628,0.024793,0.00543,0.011561,0.018207,-0.338523
20020731,-0.101662,0.00112,-0.075714,-0.105981,0.028462
20020830,-0.02938,-0.003821,0.026584,0.087434,-0.111762
20020930,-0.100141,0.008235,-0.122733,-0.07788,-0.166767
20021031,0.055172,-0.005818,0.094762,0.08753,0.2455
20021129,0.040701,-0.044319,-0.003462,0.006536,0.208092
20021231,0.004023,0.016681,-0.030447,-0.061503,-0.25431
20030131,-0.02261,0.000465,-0.001963,-0.053653,0.008349
20030228,0.002928,-0.043356,-0.017787,0.005439,0.100637
20030331,0.027337,0.087833,0.044936,0.084478,-0.056779
20030430,0.007153,0.013588,-0.013158,0.082452,0.128378
20030530,0.041193,0.021925,0.013659,-0.065874,0.134458
20030630,-0.013462,-0.028752,0.100903,0.021859,-0.00048
20030731,-0.00919,-0.009587,-0.023133,0.041737,0.19606
20030829,0.06661,-0.006601,-0.098621,0.058308,0.149458
20030930,-0.029178,0.063352,0.015374,-0.05611,-0.037426
20031031,-0.000546,0.063833,0.040158,0.057117,0.197311
20031128,-0.003554,-0.020857,0.067089,-0.056149,0.018513
20031231,0.132597,0.037822,0.052428,-0.044932,-0.044425
20040130,-0.005122,0.01657,0.036796,0.01508,-0.047738
20040227,0.039961,0.014147,0.005187,0.106035,-0.04194
20040331,-0.013754,0.02312,-0.043656,0.004365,-0.068493
20040430,0.023082,0.013063,0.020257,-0.045066,-0.054044
20040528,0.022797,0.019574,-0.006991,-0.02,0.111154
20040630,0.026821,0.009831,-0.029994,-0.053293,-0.033275
20040730,0.042558,-0.037472,-0.067678,0.004738,-0.116667
20040831,0.001512,0.07325,0.027534,-0.003962,-0.125102
20040930,0.048373,-0.033053,-0.063361,0.010063,-0.057774
20041029,0.018415,-0.049704,-0.053922,0.013534,0.109671
20041130,0.046729,0.044939,-0.034888,-0.034495,0.007188
20041231,0.000195,0.029918,-0.031689,0.017096,0.04513
20050131,0.006633,-0.029049,-0.101525,-0.007951,-0.040188
20050228,0.232171,-0.00263,0.096027,-0.015076,0.07216
20050331,-0.058601,-0.001695,-0.000761,-0.026158,-0.03168
20050429,-0.043121,0.026981,0.03426,-0.05927,0.012484
20050531,-0.009469,0.018467,0.033861,0.005091,0.14966
20050630,0.022598,-0.043518,-0.01147,0.020538,-0.034866
20050729,0.022272,0.059905,-0.039159,0.023859,0.043044
20050831,0.024511,-0.002696,-0.031321,-0.085917,-0.049374
20050930,0.060768,0.071738,-0.020016,-0.025356,-0.041602
20051031,-0.116462,-0.053649,-0.129355,0.079644,-0.046653
20051130,0.038831,0.021432,-0.016099,0.026421,0.138723
20051230,-0.032052,0.012065,0.1,-0.033155,-0.064468
20060131,0.117144,0.028162,0.101201,-0.014744,-0.148438
20060228,-0.048765,0.011818,0.029206,-0.016265,-0.026111
20060331,0.025097,-0.038378,-0.048492,0.045139,-0.05534
20060428,0.036477,0.015443,0.016453,-0.046782,0.026722
20060531,-0.029328,-0.06803,-0.056455,0.079669,-0.093093
20060630,0.007224,0.024885,-0.00803,-0.005779,0.054384
20060731,0.104156,0.016367,0.107371,-0.076188,-0.052632
20060831,0.003691,0.101424,0.069642,0.008708,0.092778
20060929,-0.008423,0.001292,0.029028,0.102862,0.051099
20061031,0.064382,0.027751,-0.060296,-0.000811,0.037433
20061130,0.07995,-0.009465,0.040525,-0.064529,0.007263
20061229,-0.002343,0.023571,-0.057839,0.005369,-0.053517
20070131,-0.033016,0.014159,0.013127,0.032698,0.035062
20070228,-0.02834,-0.021273,-0.037729,0.013001,-0.047113
20070330,0.052595,-0.005198,0.012019,-0.023598,-0.036757
20070430,0.052087,0.025174,0.047506,0.02066,0.123889
20070531,0.052154,-0.013199,0.049887,-0.002087,0.036856
20070629,0.008537,-0.037136,-0.069844,0.010714,0.070334
20070731,0.014902,0.016669,-0.080563,-0.044897,-0.005051
20070831,0.011159,0.055771,0.068907,-0.045702,0.094941
20070928,0.079669,0.077017,-0.016506,0.000458,0.004272
20071031,-0.006158,-0.006682,0.007368,0.035739,0.040217
20071130,-0.026959,0.064442,-0.022755,0.0595,-0.026301
20071231,0.050808,-0.007838,-0.04335,-0.003132,0.022239
20080131,-0.07781,-0.104195,0.027717,0.067536,-0.208552
20080229,0.011111,0.011617,-0.032534,-0.022665,-0.047517
20080331,-0.027928,0.058779,-0.060592,0.0671,0.060596
20080430,0.100378,-0.037391,-0.039178,0.100607,0.050991
20080530,-0.042011,-0.014914,-0.021382,-0.000043,0.047619
20080630,-0.007098,-0.079334,-0.097624,-0.026671,-0.073339
20080731,-0.087371,0.083374,0.068689,0.04306,0.033054
20080829,-0.000249,0.065516,0.040707,0.011728,0.036954
20080930,-0.029371,-0.001147,-0.03506,0.013882,-0.181023
20081031,-0.045583,-0.068159,-0.039588,-0.068125,-0.1441
20081128,0.086751,-0.002944,-0.054207,0.001254,-0.130435
20081231,-0.003993,-0.039316,0.077906,0.007471,0.062319
20090130,-0.041964,-0.111938,-0.176736,-0.159472,-0.120055
20090227,-0.106956,-0.116147,-0.133745,0.044992,-0.00155
20090331,0.002945,-0.022421,0.106417,0.063617,0.179749
20090430,-0.020999,0.059248,-0.01909,-0.03263,0.0499
20090529,0.046498,0.050566,0.148952,-0.007688,0.00507
20090630,0.008075,-0.016173,-0.012508,-0.026136,0.052799
20090731,0.006866,0.094912,0.062,0.029728,0.163142
20090831,-0.011649,-0.025221,0.05838,0.025311,0.062857
20090930,-0.007809,0.070412,-0.008982,-0.034991,-0.036909
20091030,0.0446,0.008978,0.029003,0.012019,-0.023505
20091130,0.0533,0.075,0.076336,0.098027,0.012036
20091231,-0.091648,-0.027586,0.001101,-0.01517,0.0625
20100129,-0.05514,0.022431,0.025838,-0.000374,-0.04902
20100226,0.015366,0.028107,-0.049839,0.011978,0.066366
20100331,0.030462,-0.000158,-0.022792,0.033891,0.085728
20100430,0.011794,-0.009929,-0.025073,-0.035252,0.024675
20100528,-0.101372,-0.017214,-0.078349,-0.05178,-0.055276
20100630,-0.05607,-0.01817,-0.06369,-0.049248,-0.09197
20100730,0.045733,0.027706,0.051893,0.064905,0.059126
20100831,-0.002178,-0.024362,0.072667,-0.014602,-0.13483
20100930,0.045339,0.005028,0.079195,0.067411,0.086895
20101029,0.076064,0.068064,0.014269,0.012145,0.044271
20101130,0.05279,-0.039327,-0.053689,-0.001477,0.063092
20101231,0.051179,0.053381,0.074233,0.002635,-0.006026
20110131,0.103392,-0.011164,0.040548,0.039681,0.020447
20110228,0.065568,-0.001267,0.066959,-0.072945,0.00891
20110331,-0.016369,-0.022998,0.055613,0.008369,-0.060084
20110429,0.045763,0.062094,0.032496,0.056292,0.147175
20110531,-0.04592,0.032357,0.032427,0.011004,-0.019819
20110630,-0.025039,-0.051194,-0.039627,-0.037668,-0.015549
20110729,-0.019538,-0.024461,-0.065583,-0.008092,0.007671
20110831,-0.066424,0.035616,-0.003585,0.016031,-0.089118
20110930,-0.018779,-0.007852,-0.068493,-0.024253,0.059861
20111031,0.075176,0.02113,0.089367,0.092871,0.150223
20111130,0.036112,0.009064,0.05244,0.038434,0.023635
20111230,0.053705,0.033142,0.078226,0.020798,-0.026495
20120131,-0.012034,-0.047144,-0.011091,0.026774,0.089485
20120229,0.038572,0.072652,-0.00257,-0.037158,0.02536
20120330,0.002659,-0.006063,0.071953,0.042612,0.045945
20120430,-0.004497,-0.044755,0.011261,-0.037418,0.009959
20120531,-0.082696,-0.021213,-0.035371,0.124045,-0.082585
20120629,0.088262,-0.016696,0.051669,0.059253,0.031347
20120731,0.014958,0.06289,0.045217,0.067556,-0.035647
20120831,0.011744,0.04106,0.001664,-0.019246,-0.025097
20120928,0.047537,0.032296,0.041492,0.016529,-0.087596
20121031,-0.003062,0.006373,0.000805,0.016531,-0.045244
20121130,-0.026983,0.008521,0.014877,-0.039989,-0.085067
20121231,-0.018039,-0.027782,0.00237,-0.047105,0.053923
20130131,0.039515,0.115363,0.097319,0.025209,0.020369
20130228,0.001667,0.013571,0.003299,0.011866,0.003089
20130328,0.006253,0.011552,0.054439,0.06386,0.045738
20130430,-0.012429,0.004042,0.007276,0.038621,0.096863
20130531,0.023711,-0.00013,-0.05504,-0.031009,0.023173
20130628,-0.001326,0.002996,0.028645,-0.004677,-0.002059
20130731,0.037631,0.050805,0.052124,0.046315,-0.036938
20130830,-0.063573,-0.030012,-0.034896,-0.057608,-0.048425
20130930,-0.01285,-0.029529,0.018256,0.013428,0.042812
20131031,0.041609,0.07622,0.068233,0.037723,0.06758
20131129,0.0501,0.042972,0.041877,0.055505,-0.016551
20131231,0.082584,-0.033365,-0.034668,-0.022837,0.088716
20140131,-0.089328,-0.051449,-0.007509,-0.050959,-0.054517
20140228,0.051432,0.026625,0.064803,0.000268,0.018134
20140331,0.014646,0.024663,0.000311,0.029585,0.042569
20140430,0.048423,0.032179,-0.026152,0.042915,0.033935
20140530,-0.01162,-0.02132,-0.044437,-0.030862,0.032034
20140630,0.001492,-0.027231,0.001688,-0.022144,0.13104
20140731,-0.017282,-0.00797,-0.024259,-0.019848,0.096764
20140829,0.01223,0.074884,0.024042,0.032618,0.037032
20140930,-0.054394,0.00758,0.006125,0.012848,-0.002864
20141031,0.028283,0.04984,0.012851,-0.002615,-0.023263
20141128,-0.056664,0.03621,0.048748,0.147765,0.101882
20141231,0.021096,0.007298,0,-0.01348,-0.025772
20150130,-0.054408,-0.067586,0.00321,-0.01048,-0.089556
20150227,0.020705,0.009966,0.1072,-0.012356,0.01362
20150331,-0.039982,-0.037472,0.013695,-0.014178,-0.059549
20150430,0.027882,-0.021566,-0.02472,-0.051064,0.040934
20150529,-0.016482,-0.014086,0.03242,-0.042153,0.066052
20150630,-0.023474,-0.001914,-0.035108,-0.044971,-0.117382
20150731,-0.047957,-0.01121,0.075455,0.014803,-0.048167
20150831,-0.040904,-0.078618,-0.098724,-0.093915,-0.005872
20150930,-0.011829,0.017971,-0.02514,0.001699,0.056062
20151030,0.112845,0.070933,0.076727,-0.117212,0.123424
20151130,-0.00423,-0.020162,-0.022768,0.027952,0.033963
20151231,-0.045432,0.061064,-0.014953,0.050136,-0.009203
20160129,-0.001283,0.03706,-0.055452,0.082545,-0.099565
20160229,0.038921,-0.017138,-0.017055,-0.000301,-0.037718
20160331,0.042919,0.025159,-0.001011,0.039946,0.093275
20160429,0.057543,-0.018473,0.103576,-0.023653,-0.063988
20160531,0.015498,0.011483,0.070009,0.065949,0.051849
20160630,0.053022,0.044793,0.014697,0.031647,0.038303
20160729,-0.051099,0.018773,0.047714,-0.000685,0.062805
20160831,-0.011917,0.020096,-0.048523,-0.014115,0.037005
20160930,0.001607,0.027946,-0.026724,0.009518,0.051825
20161031,-0.045371,-0.025409,-0.063773,-0.029118,-0.076291
20161130,0.056769,-0.05,0.023021,0.005856,0.002581
20161230,0.033906,0.019646,0.010579,-0.011501,0.045245
20170131,-0.070574,0.049828,-0.023091,-0.034433,0.015164
20170228,-0.021695,0.039612,0.085408,0.062781,-0.009777
20170331,0.008485,-0.013396,0.002638,0.023403,-0.003591
20170428,-0.00439,-0.020372,-0.008477,0.043008,0.002218
20170531,-0.004654,0.008703,-0.028007,0.052275,0.006432
20170630,0.002857,-0.010671,0.02879,-0.03715,-0.065633
20170731,-0.008547,0.050024,-0.012801,0.05695,0.051274
20170831,-0.036732,0.015966,0.032569,-0.017627,-0.003595
20170929,0.074021,-0.013981,0.052476,0.000897,0.085828
20171031,0.016711,-0.043421,-0.017927,0.117353,0.19459
20171130,0.008518,0.042275,0.043354,0.113618,-0.008299
20171229,0.004202,0.021002,-0.001103,0.020878,0.029438
20180131,0.043759,-0.052791,0.022639,0.079494,0.042894
20180228,-0.123597,-0.090572,-0.010529,-0.155628,0.030121
20180329,-0.014919,0.009679,-0.022583,-0.005777,0.056604
20180430,0.042086,-0.078491,0.031558,-0.005732,-0.008833
20180531,0.055434,0.011474,-0.009287,-0.061045,0.075165
20180629,0.018341,0.066831,0.009741,0.037679,-0.099457
20180731,-0.014747,0.045314,0.100606,0.041798,-0.032388
20180831,-0.00638,0.025593,0.048335,0.08013,0.013098
20180928,0.060496,0.003376,0.061416,-0.020342,-0.023539
20181031,-0.062809,0.074098,-0.022918,0.067831,-0.00867
20181130,0.008032,0.065742,0.081514,-0.026227,0.058234
20181231,-0.142264,-0.027405,-0.055808,-0.040758,-0.048266
20190131,0.074644,0.057302,-0.019244,0.028771,0.004049
20190228,0.089656,0.021561,0.021201,0.032975,0.130624
20190329,0.022397,0.055809,-0.0203,-0.009395,0.013973
20190430,-0.006436,0.030523,-0.043796,0.054445,-0.049534
20190531,-0.107623,-0.033527,0.031273,-0.00846,-0.130976
20190628,0.082803,0.065494,0.043353,0.089215,0.086966
20190731,-0.029623,0.083319,-0.103416,-0.000996,0.055985
20190830,-0.067375,0.018553,-0.075438,0.039953,-0.055885
20190930,0.031104,0.034517,0.010689,0.038684,0.086901
20191031,-0.043053,0.007042,0.06791,-0.011965,0.097031
20191129,0.021163,-0.019677,0.013292,0.015606,0.032461
20191231,0.024218,0.023267,0.017134,0.002351,0.031008
